{"stat.useItem.minecraft.bow":2,"stat.mineBlock.rustic.vase":1,"stat.leaveGame":14,"stat.useItem.embers.alchemyPedestal":1,"stat.useItem.quark.biotite_ore":1,"stat.useItem.minecraft.planks":2,"stat.useItem.immersiveengineering.metalDevice1":17,"stat.useItem.wtfcore.dense_netherrack0quartz_ore0":1,"stat.useItem.immersiveengineering.metalDevice0":4,"stat.useItem.railcraft.ore":25,"stat.useItem.platforms.platform":102,"stat.pickup.minecraft.rotten_flesh":1,"stat.pickup.rustic.barrel":1,"stat.useItem.rustic.candle":1,"stat.useItem.wtfcore.dense_stone0coal_ore0":1,"achievement.immersiveengineering.placeFloodlight":1,"stat.drop.minecraft.sand":1,"stat.pickup.immersiveengineering.wirecoil":12,"stat.useItem.earthworks.slab_slate":30,"stat.useItem.railcraft.frame":3,"stat.hopperInspected":12,"stat.pickup.roots.charmRestoration":2,"stat.useItem.minecraft.iron_pickaxe":2,"stat.useItem.tconstruct.ore":2,"stat.pickup.rustic.chair_jungle":1,"stat.pickup.chiselsandbits.chiseled_glass":5,"stat.useItem.immersiveengineering.connector":15,"stat.furnaceInteraction":1,"stat.useItem.totemic.totemDrum":2,"stat.useItem.minecraft.redstone":42,"stat.drop.minecraft.stained_hardened_clay":2,"stat.useItem.wtfcore.dense_gravel0coal_ore0":1,"stat.drop.minecraft.cactus":2,"stat.useItem.totemic.totemPole":11,"stat.useItem.roots.spiritFont":1,"stat.useItem.minecraft.stone_stairs":33,"stat.mineBlock.tconstruct.ore":6,"achievement.openInventory":356,"stat.useItem.wtfcore.dense_stone0emerald_ore0":1,"stat.pickup.minecraft.potion":1,"stat.useItem.minecraft.wooden_button":1,"stat.pickup.chiselsandbits.chiseled_rock":1,"stat.useItem.minecraft.hopper":7,"stat.useItem.chiselsandbits.chiseled_rock":1,"stat.playOneMinute":260046,"stat.useItem.rustic.vase":42,"stat.useItem.flatcoloredblocks.flatcoloredblock18":3,"stat.pickup.minecraft.netherrack":3,"stat.useItem.minecraft.lapis_ore":1,"stat.drop.minecraft.hopper":1,"stat.useItem.minecraft.stone":38,"stat.pickup.minecraft.arrow":4,"stat.pickup.platforms.platform":1,"stat.drop.roots.charmRestoration":1,"stat.useItem.rustic.iron_lantern":14,"stat.pickup.xreliquary.altar":2,"stat.useItem.chiselsandbits.positiveprint":50,"stat.useItem.minecraft.quartz_ore":1,"stat.useItem.wtfcore.dense_stone0gold_ore0":1,"stat.fallOneCm":28281,"stat.useItem.bloodmagic.BlockIncenseAltar":1,"stat.crouchOneCm":5013,"stat.useItem.minecraft.emerald_ore":1,"stat.craftingTableInteraction":4,"stat.useItem.wtfcore.oreSandGold":1,"stat.pickup.wtfcore.home_scroll":1,"stat.dropperInspected":19,"stat.useItem.wtfcore.dense_stone0nitre_ore0":2,"stat.useItem.minecraft.furnace":1,"stat.pickup.ironchest.BlockIronChest":1,"stat.pickup.minecraft.planks":1,"stat.useItem.wtfcore.dense_netherrack0ore1":1,"stat.useItem.railcraft.worldlogic":1,"stat.useItem.earthworks.block_reed":22,"stat.useItem.wtfcore.dense_netherrack0ore0":1,"stat.useItem.xreliquary.apothecary_mortar":3,"stat.pickup.xreliquary.apothecary_mortar":2,"stat.useItem.minecraft.bone_block":31,"stat.useItem.minecraft.torch":26,"stat.useItem.quark.stone_andesite_stairs":22,"stat.useItem.minecraft.log":8,"stat.useItem.minecraft.cobblestone":53,"stat.useItem.minecraft.gravel":247,"stat.mineBlock.minecraft.emerald_ore":3,"stat.useItem.wtfcore.dense_stone0redstone_ore0":2,"stat.useItem.minecraft.nether_wart_block":133,"stat.useItem.wtfcore.dense_stone0redstone_ore0_on":1,"stat.useItem.platforms.wrench":39,"stat.useItem.notenoughwands.building_wand":69,"stat.pickup.minecraft.sapling":224,"stat.pickup.minecraft.apple":23,"stat.useItem.totemic.totemWhittlingKnife":10,"stat.useItem.minecraft.deadbush":3,"stat.drop.minecraft.dropper":1,"stat.drop.immersiveengineering.storage":1,"achievement.tablet":1,"stat.craftItem.chiselsandbits.positiveprint":3,"ftbl.stat.first_joined":{"value":0,"progress":1486326553475},"stat.useItem.railcraft.ore_magic":1,"stat.useItem.minecraft.spruce_door":2,"stat.useItem.astralsorcery.BlockMachine":5,"stat.useItem.rustic.chair_jungle":6,"stat.sneakTime":3456,"stat.pickup.minecraft.wool":1,"stat.drop.embers.crystalEmber":1,"stat.pickup.immersiveengineering.connector":1,"stat.pickup.embers.crystalEmber":1,"stat.pickup.railcraft.ore":5,"stat.pickup.loreexpansion.lore_journal":1,"stat.useItem.minecraft.brick_stairs":2,"stat.pickup.grapplemod.hookshot":1,"stat.pickup.minecraft.bone":2,"stat.useItem.immersiveengineering.ore":16,"stat.useItem.minecraft.repeater":14,"stat.useItem.earthworks.slab_reed":74,"stat.climbOneCm":8252,"stat.drop.minecraft.cobblestone":1,"stat.useItem.wtfcore.dense_stone0iron_ore0":1,"stat.useItem.embers.oreCopper":3,"stat.useItem.waystones.waystone":2,"stat.useItem.minecraft.dirt":279,"achievement.exploreAllBiomes":{"value":0,"progress":["Mesa Plateau F","Mesa","DesertHills","Mesa Plateau","Ocean","Desert","Deep Ocean"]},"stat.useItem.minecraft.iron_ore":4,"stat.useItem.earthworks.plaster_square_x":4,"stat.pickup.minecraft.cobblestone":11,"stat.useItem.minecraft.brick_block":81,"stat.flyOneCm":1516406,"stat.useItem.rustic.barrel":10,"stat.pickup.minecraft.cactus":9,"stat.pickup.minecraft.redstone":1,"stat.mineBlock.minecraft.iron_ore":3,"stat.useItem.wtfcore.dense_obsidian0diamond_ore0":1,"stat.timeSinceDeath":260046,"stat.useItem.embers.cinderPlinth":1,"stat.pickup.chiselsandbits.block_bit":512,"stat.useItem.earthworks.block_slate":232,"stat.useItem.minecraft.lever":13,"stat.useItem.chiselsandbits.chiseled_glass":1,"stat.mineBlock.minecraft.coal_ore":6,"stat.mineBlock.wtfcore.nitre_ore":6,"stat.pickup.waystones.warpStone":1,"stat.craftItem.minecraft.brick_block":16,"stat.useItem.minecraft.sea_lantern":17,"stat.useItem.minecraft.dropper":6,"stat.sprintOneCm":184344,"stat.pickup.minecraft.bone_block":1,"stat.drop.minecraft.potion":2,"stat.useItem.minecraft.stone_slab":28,"stat.useItem.quark.red_sandstone_wall":81,"stat.mineBlock.minecraft.diamond_ore":6,"stat.useItem.wtfcore.home_scroll":6,"stat.drop":15,"stat.useItem.minecraft.banner":2,"stat.useItem.minecraft.ladder":2,"stat.useItem.minecraft.diamond_ore":1,"stat.mineBlock.minecraft.gold_ore":3,"stat.useItem.minecraft.sticky_piston":59,"stat.useItem.embers.oreSilver":5,"stat.pickup.minecraft.obsidian":1,"stat.useItem.rustic.iron_lattice":7,"stat.pickup.notenoughwands.swapping_wand":1,"stat.useItem.notenoughwands.swapping_wand":93,"stat.useItem.minecraft.potion":1,"stat.jump":1161,"stat.useItem.minecraft.sand":148,"stat.pickup.minecraft.coal":1,"stat.pickup.wtfcore.dense_stone0nitre_ore0":1,"stat.useItem.minecraft.coal_ore":1,"stat.useItem.wtfcore.dense_stone0lapis_ore0":1,"stat.useItem.ironchest.BlockIronChest":3,"stat.useItem.minecraft.glass":46,"stat.mineBlock.minecraft.lapis_ore":3,"stat.useItem.rustic.gargoyle":1,"stat.damageTaken":19,"stat.useItem.totemic.totemTorch":11,"stat.damageDealt":373,"stat.useItem.minecraft.crafting_table":1,"stat.useItem.quark.stone_andesite_slab":1,"stat.walkOneCm":610902,"stat.useItem.immersiveengineering.storage":263,"stat.useItem.quark.custom_chest":9,"stat.pickup.minecraft.stick":2211,"stat.mineBlock.wtfcore.oreSandGold":3,"stat.pickup.embers.oreSilver":1,"stat.useItem.minecraft.gold_ore":1,"stat.useItem.wtfcore.dense_sand0oreSandGold0":1,"ftbl.stat.last_seen":{"value":0,"progress":1489931856875},"achievement.immersiveengineering.openManual":1,"stat.useItem.minecraft.spruce_stairs":6,"stat.useItem.minecraft.stained_hardened_clay":136,"stat.useItem.minecraft.redstone_ore":1,"stat.useItem.minecraft.cactus":1,"stat.pickup.xreliquary.altar_idle":2,"stat.useItem.wtfcore.dense_stone0diamond_ore0":1,"stat.drop.minecraft.lever":1,"stat.useItem.rustic.table_spruce":8,"stat.useItem.roots.brazier":1,"stat.useItem.embers.oreLead":3,"stat.mineBlock.minecraft.quartz_ore":3,"stat.useItem.totemic.totemBase":3,"stat.mobKills":5,"stat.pickup.rustic.vase":1,"stat.pickup.roots.brazier":3,"stat.pickup.minecraft.torch":6,"achievement.immersiveengineering.connectWire":5,"stat.mineBlock.minecraft.redstone_ore":9,"stat.drop.ironchest.BlockIronChest":1}