{"stat.useItem.minecraft.bow":2,"stat.useItem.taiga.palladium_ore":1,"stat.pickup.grapplemod.hookshot":1,"stat.useItem.adchimneys.chimneyBrick_block":12,"stat.mineBlock.rustic.vase":1,"stat.useItem.immersiveengineering.ore":16,"stat.leaveGame":5,"stat.useItem.quark.biotite_ore":1,"stat.useItem.earthworks.slab_reed":74,"stat.climbOneCm":4069,"stat.useItem.immersiveengineering.metalDevice1":17,"stat.useItem.wtfcore.dense_netherrack0quartz_ore0":1,"stat.drop.minecraft.cobblestone":1,"stat.useItem.immersiveengineering.metalDevice0":4,"stat.useItem.wtfcore.dense_stone0iron_ore0":1,"stat.useItem.railcraft.ore":25,"stat.useItem.platforms.platform":102,"stat.useItem.embers.oreCopper":3,"stat.useItem.minecraft.dirt":24,"stat.useItem.taiga.ovium_ore":1,"achievement.exploreAllBiomes":{"value":0,"progress":["Mesa Plateau F","Mesa","Mesa Plateau"]},"stat.useItem.rustic.candle":1,"stat.useItem.minecraft.iron_ore":4,"stat.useItem.taiga.osram_ore":1,"stat.useItem.earthworks.plaster_square_x":4,"stat.pickup.minecraft.cobblestone":11,"stat.useItem.wtfcore.dense_stone0coal_ore0":1,"stat.useItem.minecraft.brick_block":4,"stat.flyOneCm":858068,"stat.useItem.rustic.barrel":5,"achievement.immersiveengineering.placeFloodlight":1,"stat.drop.minecraft.sand":1,"stat.pickup.immersiveengineering.wirecoil":12,"stat.useItem.earthworks.slab_slate":30,"stat.mineBlock.minecraft.iron_ore":3,"stat.useItem.wtfcore.dense_obsidian0diamond_ore0":1,"stat.useItem.railcraft.frame":3,"stat.timeSinceDeath":123753,"stat.hopperInspected":12,"stat.pickup.roots.charmRestoration":2,"stat.useItem.tconstruct.ore":2,"stat.pickup.rustic.chair_jungle":1,"stat.useItem.earthworks.block_slate":49,"stat.useItem.minecraft.lever":10,"stat.useItem.immersiveengineering.connector":15,"stat.furnaceInteraction":1,"stat.mineBlock.minecraft.coal_ore":6,"stat.useItem.totemic.totemDrum":2,"stat.mineBlock.wtfcore.nitre_ore":6,"stat.drop.minecraft.stained_hardened_clay":1,"stat.useItem.wtfcore.dense_gravel0coal_ore0":1,"stat.useItem.totemic.totemPole":6,"stat.useItem.minecraft.dropper":6,"stat.sprintOneCm":72517,"stat.useItem.roots.spiritFont":1,"stat.mineBlock.tconstruct.ore":6,"stat.pickup.minecraft.bone_block":1,"stat.useItem.quark.red_sandstone_wall":76,"achievement.openInventory":208,"stat.useItem.wtfcore.dense_stone0emerald_ore0":1,"stat.mineBlock.minecraft.diamond_ore":6,"stat.useItem.minecraft.wooden_button":1,"stat.useItem.minecraft.hopper":7,"stat.drop":8,"stat.playOneMinute":123753,"stat.useItem.minecraft.banner":2,"stat.useItem.minecraft.ladder":2,"stat.useItem.minecraft.diamond_ore":1,"stat.useItem.rustic.vase":42,"stat.mineBlock.minecraft.gold_ore":3,"stat.pickup.minecraft.netherrack":3,"stat.useItem.minecraft.lapis_ore":1,"stat.useItem.taiga.tiberium_ore":1,"stat.useItem.taiga.dilithium_ore":1,"stat.useItem.taiga.jauxum_ore":1,"stat.drop.minecraft.hopper":1,"stat.useItem.embers.oreSilver":5,"stat.pickup.platforms.platform":1,"stat.drop.roots.charmRestoration":1,"stat.useItem.rustic.iron_lantern":13,"stat.pickup.minecraft.obsidian":1,"stat.useItem.rustic.iron_lattice":7,"stat.useItem.notenoughwands.swapping_wand":10,"stat.pickup.xreliquary.altar":2,"stat.useItem.minecraft.quartz_ore":1,"stat.jump":595,"stat.useItem.minecraft.sand":18,"stat.useItem.wtfcore.dense_stone0gold_ore0":1,"stat.pickup.minecraft.coal":1,"stat.fallOneCm":28072,"stat.crouchOneCm":4770,"stat.pickup.wtfcore.dense_stone0nitre_ore0":1,"stat.useItem.minecraft.coal_ore":1,"stat.useItem.wtfcore.dense_stone0lapis_ore0":1,"stat.useItem.ironchest.BlockIronChest":3,"stat.useItem.betteragriculture.slate_ore":1,"stat.useItem.minecraft.emerald_ore":1,"stat.useItem.wtfcore.oreSandGold":1,"stat.dropperInspected":19,"stat.mineBlock.minecraft.lapis_ore":3,"stat.useItem.wtfcore.dense_stone0nitre_ore0":2,"stat.damageTaken":19,"stat.useItem.minecraft.furnace":1,"stat.useItem.totemic.totemTorch":11,"stat.pickup.ironchest.BlockIronChest":1,"stat.pickup.minecraft.planks":1,"stat.useItem.wtfcore.dense_netherrack0ore1":1,"stat.useItem.railcraft.worldlogic":1,"stat.useItem.earthworks.block_reed":22,"stat.useItem.wtfcore.dense_netherrack0ore0":1,"stat.damageDealt":363,"stat.useItem.xreliquary.apothecary_mortar":3,"stat.pickup.xreliquary.apothecary_mortar":2,"stat.walkOneCm":264537,"stat.useItem.minecraft.torch":15,"stat.useItem.immersiveengineering.storage":54,"stat.useItem.quark.custom_chest":9,"stat.pickup.minecraft.stick":99,"stat.mineBlock.wtfcore.oreSandGold":3,"stat.useItem.minecraft.log":4,"stat.pickup.embers.oreSilver":1,"stat.useItem.minecraft.gold_ore":1,"stat.useItem.wtfcore.dense_sand0oreSandGold0":1,"stat.mineBlock.minecraft.emerald_ore":3,"ftbl.stat.last_seen":{"value":0,"progress":1488023753036},"achievement.immersiveengineering.openManual":1,"stat.useItem.wtfcore.dense_stone0redstone_ore0":2,"stat.useItem.wtfcore.dense_stone0redstone_ore0_on":1,"stat.useItem.adchimneys.chimneyStone":1,"stat.useItem.platforms.wrench":39,"stat.useItem.notenoughwands.building_wand":38,"stat.useItem.minecraft.stained_hardened_clay":21,"stat.pickup.minecraft.sapling":11,"stat.useItem.minecraft.redstone_ore":1,"stat.useItem.totemic.totemWhittlingKnife":7,"stat.pickup.xreliquary.altar_idle":2,"stat.useItem.minecraft.deadbush":3,"stat.useItem.wtfcore.dense_stone0diamond_ore0":1,"stat.drop.minecraft.lever":1,"stat.useItem.rustic.table_spruce":8,"stat.drop.minecraft.dropper":1,"stat.useItem.roots.brazier":1,"stat.useItem.embers.oreLead":3,"stat.mineBlock.minecraft.quartz_ore":3,"stat.useItem.totemic.totemBase":2,"achievement.tablet":1,"stat.mobKills":4,"stat.pickup.rustic.vase":1,"ftbl.stat.first_joined":{"value":0,"progress":1486326553475},"stat.pickup.roots.brazier":3,"stat.useItem.railcraft.ore_magic":1,"stat.pickup.adchimneys.chimneyStone":1,"stat.useItem.minecraft.spruce_door":2,"stat.pickup.minecraft.torch":2,"achievement.immersiveengineering.connectWire":5,"stat.mineBlock.minecraft.redstone_ore":9,"stat.useItem.rustic.chair_jungle":6,"stat.sneakTime":2383,"stat.drop.ironchest.BlockIronChest":1,"stat.pickup.immersiveengineering.connector":1,"stat.useItem.taiga.uru_ore":1,"stat.useItem.taiga.abyssum_ore":1,"stat.useItem.taiga.eezo_ore":1,"stat.pickup.railcraft.ore":5,"stat.pickup.loreexpansion.lore_journal":1}